{
  "bounds" : {
    "width" : 320,
    "height" : 332
  },
  "data" : {
    "left_cmc_1" : {
      "x" : 210.82042694091797,
      "y" : 295.00552105903625,
      "conf" : 0.85302734375
    },
    "left_mcp_5" : {
      "x" : 89.659442901611357,
      "y" : 185.52942490577698,
      "conf" : 0.958984375
    },
    "left_dip_2" : {
      "x" : 227.20394134521484,
      "y" : 95.943504512310028,
      "conf" : 0.95263671875
    },
    "left_pip_5" : {
      "x" : 67.363834381103516,
      "y" : 157.08539760112765,
      "conf" : 0.96240234375
    },
    "left_dip_4" : {
      "x" : 117.57247924804688,
      "y" : 86.977573037147522,
      "conf" : 0.97021484375
    },
    "left_tip_2" : {
      "x" : 234.26624298095703,
      "y" : 68.970106661319733,
      "conf" : 0.9814453125
    },
    "left_mcp_2" : {
      "x" : 194.82833862304688,
      "y" : 187.25549364089966,
      "conf" : 0.95263671875
    },
    "left_tip_4" : {
      "x" : 115.47590255737305,
      "y" : 62.78583532571794,
      "conf" : 0.966796875
    },
    "left_pip_3" : {
      "x" : 160.34103393554688,
      "y" : 112.85877752304077,
      "conf" : 0.95556640625
    },
    "left_pip_2" : {
      "x" : 214.4207763671875,
      "y" : 130.93868607282639,
      "conf" : 0.96044921875
    },
    "left_pip_4" : {
      "x" : 119.30242538452148,
      "y" : 120.01098853349686,
      "conf" : 0.955078125
    },
    "left_wrist_1" : {
      "x" : 123.82028579711917,
      "y" : 306.12830209732056,
      "conf" : 0.9150390625
    },
    "left_tip_1" : {
      "x" : 274.73886489868164,
      "y" : 174.73838484287262,
      "conf" : 0.951171875
    },
    "left_dip_3" : {
      "x" : 162.36366271972656,
      "y" : 76.726040542125716,
      "conf" : 0.94482421875
    },
    "left_mcp_1" : {
      "x" : 248.46145629882812,
      "y" : 266.76744484901428,
      "conf" : 0.93115234375
    },
    "left_tip_3" : {
      "x" : 163.00987243652344,
      "y" : 54.748296141624465,
      "conf" : 0.93017578125
    },
    "left_dip_5" : {
      "x" : 54.519939422607422,
      "y" : 127.67372262477878,
      "conf" : 0.94970703125
    },
    "left_mcp_3" : {
      "x" : 158.12250137329102,
      "y" : 172.04842638969421,
      "conf" : 0.94873046875
    },
    "left_pip_1" : {
      "x" : 261.3585090637207,
      "y" : 214.19895482063293,
      "conf" : 0.9404296875
    },
    "left_tip_5" : {
      "x" : 42.600326538085938,
      "y" : 105.54268926382068,
      "conf" : 0.97705078125
    },
    "left_mcp_4" : {
      "x" : 123.69176864624023,
      "y" : 170.88584756851196,
      "conf" : 0.97265625
    }
  },
  "startDate" : "2021-09-28T17:19:18.635-07:00",
  "type" : "selectedIdentifier",
  "identifier" : "leftHandPose",
  "endDate" : "2021-09-28T17:19:18.635-07:00"
}