{
  "bounds" : {
    "width" : 320,
    "height" : 332
  },
  "data" : {
    "right_tip_5" : {
      "x" : 230.71866989135742,
      "y" : 75.830860435962677,
      "conf" : 0.98046875
    },
    "right_tip_4" : {
      "x" : 185.60970306396484,
      "y" : 46.858072549104705,
      "conf" : 0.9326171875
    },
    "right_tip_3" : {
      "x" : 141.10980987548828,
      "y" : 42.255702912807479,
      "conf" : 0.94384765625
    },
    "right_tip_2" : {
      "x" : 103.47297668457031,
      "y" : 55.057502090930953,
      "conf" : 0.92822265625
    },
    "right_tip_1" : {
      "x" : 41.756515502929688,
      "y" : 152.34145087003711,
      "conf" : 0.96044921875
    },
    "right_wrist_1" : {
      "x" : 209.41638946533203,
      "y" : 298.24010348320007,
      "conf" : 0.88623046875
    },
    "right_cmc_1" : {
      "x" : 144.46058273315433,
      "y" : 282.11827921867371,
      "conf" : 0.75634765625
    },
    "right_pip_5" : {
      "x" : 226.51359558105469,
      "y" : 129.80236214399338,
      "conf" : 0.95263671875
    },
    "right_pip_4" : {
      "x" : 183.90842437744141,
      "y" : 102.86919724941254,
      "conf" : 0.9560546875
    },
    "right_pip_3" : {
      "x" : 150.33370971679688,
      "y" : 96.473731458187103,
      "conf" : 0.9423828125
    },
    "right_mcp_5" : {
      "x" : 223.50492477416992,
      "y" : 176.31035208702087,
      "conf" : 0.92529296875
    },
    "right_pip_1" : {
      "x" : 62.940120697021484,
      "y" : 186.66983687877658,
      "conf" : 0.94091796875
    },
    "right_mcp_3" : {
      "x" : 161.42059326171875,
      "y" : 158.22064238786697,
      "conf" : 0.91796875
    },
    "right_mcp_2" : {
      "x" : 132.8325080871582,
      "y" : 166.26422476768494,
      "conf" : 0.931640625
    },
    "right_dip_5" : {
      "x" : 230.09983062744141,
      "y" : 100.91195088624954,
      "conf" : 0.94580078125
    },
    "right_mcp_1" : {
      "x" : 94.453220367431669,
      "y" : 231.52644741535187,
      "conf" : 0.91015625
    },
    "right_dip_3" : {
      "x" : 144.03181076049805,
      "y" : 63.848637938499465,
      "conf" : 0.927734375
    },
    "right_dip_2" : {
      "x" : 111.09529495239258,
      "y" : 78.024185001850142,
      "conf" : 0.92333984375
    },
    "right_pip_2" : {
      "x" : 113.16381454467773,
      "y" : 111.03102821111679,
      "conf" : 0.91357421875
    },
    "right_dip_4" : {
      "x" : 184.95853424072266,
      "y" : 69.445335447788253,
      "conf" : 0.9619140625
    },
    "right_mcp_4" : {
      "x" : 189.17072296142578,
      "y" : 159.39750397205353,
      "conf" : 0.9072265625
    }
  },
  "startDate" : "2021-09-28T17:19:42.532-07:00",
  "type" : "selectedIdentifier",
  "identifier" : "rightHandPose",
  "endDate" : "2021-09-28T17:19:42.532-07:00"
}